–û—Ç–º–µ—Ç–∫–∞ –≤—Ä–µ–º–µ–Ω–∏,–í–∞—à–µ –∏–º—è,–í–∞—à –¥–∏—Å–∫–æ—Ä–¥ ,–∫—Ä–∞—Ç–∫–æ —Ä–∞—Å–ø–∏—à–∏—Ç–µ —á—Ç–æ –≤—ã –ø–æ–∫—É–ø–∞–ª–∏ –Ω–∞ –Ω–∞—à–µ–º –ø—Ä–æ–µ–∫—Ç–µ,–î–æ–∫-–≤–∞ –ø–æ–∫—É–ø–∫–∏ —Å–∫—Ä–∏–Ω,–¥–∞—Ç–∞ –ø–æ–∫—É–ø–∫–∏
15.05.2023 8:22:17,Ryan Cool,ùô≤ùöïùöòùö†ùöó#0233,"–ú–Ω–æ–≥–æ –≤—Å–µ–≥–æ –ø–æ–∫—É–ø–∞–ª, —Å–∫—Ä–∏–Ω–æ–≤ –º–∞–ª–æ, –Ω–∞ —Ç—Ä–µ—Ç—å –æ—Ç —Ä–µ–∞–ª—å–Ω–æ–π —Å—É–º–º—ã)",–í—Å–µ —Å–∫—Ä–∏–Ω—ã —É –°–µ–≤—ã –≤ –ª–∏—á–∫–µ,27.06.2021
15.05.2023 8:54:43,Markcool,MARKCOOL#3578,"–í–µ—Å—å –¥–æ–Ω–∞—Ç —á—Ç–æ –±—ã–ª –Ω–∞ –ø—Ä–æ–µ–∫—Ç–µ, –¥–æ–º, –≤–µ—Ä—Ç–æ–ª–µ—Ç—ã, –º–∞—à–∏–Ω—ã, –æ–¥–µ–∂–¥–∞",–ü–æ–∫–∞–∂—É –∏–ª–∏ –º–æ–≥—É –æ—Ç–ø—Ä–∞–≤–∏—Ç—å –≤ –¥—Å,25.04.2021
15.05.2023 11:44:14,–ö–∏–Ω–≥,I am KING#7777,"–ê–≤—Ç–æ—Å–∞–ª–æ–Ω, –¥–æ–º –ø–ª–µ–π–±–æ—è",–•—É–π,05.10.2001
15.05.2023 17:11:48,–ê–ª–µ–∫—Å–∞–Ω–¥—Ä,ShadowMar#9211,"–≥–∏–º–µ—Ä—É , —á–∏—Ä–æ–Ω , —à–∞—Ö—É –∂–∏–≥—É —É –∫–æ—Ç–æ—Ä–æ–π –ø–æ–¥–Ω—è—Ç –ø–µ—Ä–µ–¥ —Å–æ–Ω–∏–∫ –ø–æ–º–Ω–∏—Ç , –º–∞–∫–ª–∞—Ä–µ–Ω 720—Å",https://imgur.com/a/nTDzSFY,29.07.2022
15.05.2023 17:20:25,Felix_Tank,F·¥á ü…™x#4899,"–ö—É–ø–∏–ª –ö–µ–π—Å –∑–∞ 199 –∫–æ–∏–Ω–æ–≤,–≤—ã–ø–∞–ª –ø–æ—Ä—à –ö–∞–µ–Ω,—è –µ–≥–æ –∑–∞–±—Ä–∞–ª –Ω–æ –µ–≥–æ —É –º–µ–Ω—è –Ω–µ –æ–∫–∞–∑–∞–ª–æ—Å—å ",–°–∫—Ä–∏–Ω—à–æ—Ç –º–æ–≥—É —Å–∫–∏–Ω—É—Ç—å –≤ –¥—Å,12.05.2023
19.05.2023 9:09:17,Tommy Wagner ,vaYhel#4444,"Chiron +
–≠–∫—Å–∫–ª—é–∑–∏–≤–Ω–∞—è Lamborghini- 1.500 10.07.2021
Mclaren 720 + skyline r34 - 575 01.07.2021
Chiron - 400  22.10.2021",https://imgur.com/a/cU2o4ms,21.10.2021
29.05.2024 19:47:49,–ò–ª—å—è,agent47221 ,"Bugatti Bolide
",https://imgur.com/a/gkvaOzp,26.05.2024
01.06.2024 19:16:44,Kenny_Bobovskiy,s6666x,—è –∫—É–ø–∏–ª 2–º–ª–Ω DC,https://imgur.com/a/m81Vahr,01.06.2024